relative_path,original_source_path,size,sha256,role,historical_status,public_release_status,sanitized,notes
.gitattributes,,128,9b4994239a5899723586aadf9753604ffa9bab02fbca9eb275ef20a2109b89a2,repository documentation,documentation_only,public,no,
.gitignore,,109,646d4d4a6b5c6b1f26e88c1c9641bd6b0cfab8b4e557f9b1e2c368c47666de99,repository documentation,documentation_only,public,no,
CITATION.cff,,448,ec87739ad525e6008216d7d7f3061689674c7e1afc82544bd7ab3b538ffd34fe,repository documentation,documentation_only,public,no,
DATA_LICENSE_NOTE.md,,336,6bf2f6eb9c7f45366a37c9518af8187a1d7c40510304529fcc1a56693319c20b,repository documentation,documentation_only,public,no,
LICENSE_RECOMMENDATION.md,,326,f0d95417b8168ce9d6db7612455bcefe73570ece534b6dd4bcf272e5efed27e8,repository documentation,documentation_only,public,no,
README.md,,4687,2fb70f2cbcac5bf5e4cfa32ab3318d49769829a46a26adf5ba5aad13e7f9b676,repository overview,documentation_only,public,no,
REPRODUCIBILITY_AUDIT.md,,4562,f41bfc6fd0eb83b533778f9b272c6688526f1e8fdc914deeae55112799cf2c9e,reproducibility audit,reconstructed_for_reproducibility,public,no,
REVIEWER_3_COMMENT_6_READINESS.md,,1191,7ccb221ae43e932eabc099fc43d8d3abf674599c884003bfd8184010ee627842,reviewer readiness report,reconstructed_for_reproducibility,public,no,
SECURITY_REDACTION_REPORT.md,,561,9cd0025da317e49dd89f9789b07139fac0c406e19443cdc3490d384ecdebedbd,security report,reconstructed_for_reproducibility,public,no,
data/QUESTION_BANK_RELEASE_AUDIT.md,,588,8cb5faef6badaaaf08dfc6903fed1da71819784609555ad0571cab95c9c1a24f,question-bank release audit,documentation_only,public,no,
data/README.md,,78,0b9270de93346967e956a7a551112f4a69f82abc84096bcdc82aa6b33b91340d,data documentation,documentation_only,public,no,
data/dataset_16k/README.md,,221,7992bb2f43cf47026ebec18f3f1866ee4041b023659910a53970c9e86da0f247,dataset documentation,documentation_only,public,no,
data/dataset_16k/full/restoration_final_cleaned.json,00_original_evidence/03_processed_datasets/6、处理完的数据/6、total/1万6条数据/restoration_final_cleaned.json,47164965,5cfecaf7d50c5189f8117baa5984ac02408a1d8ffd4dda9d7bda924bc7a96394,public Dataset-16k full data,historical_original,public,no,
data/dataset_16k/metadata/schema.json,,119,1acf1d7f65b28d23c0acdb7916ecd8077ea50172a394fb8e2e71a44aabc22628,dataset schema,reconstructed_for_reproducibility,public,no,
data/dataset_16k/train/train.json,00_original_evidence/03_processed_datasets/6、处理完的数据/6、total/1万6条数据/train.json,42561851,d4a8f65f34d9ecdfe5b9b759599d1211971f08412de2cb2834c8c9abcc4b3185,public Dataset-16k train split,historical_original,public,no,
data/dataset_16k/validation/val.json,00_original_evidence/03_processed_datasets/6、处理完的数据/6、total/1万6条数据/val.json,4603116,026ba82a27bad144596d50200cc0859e761b192adcb1ef4c3fa74fc4bf1d9f6b,public Dataset-16k validation split,historical_original,public,no,
data/private_dataset_metadata/dataset_30k_METADATA_ONLY.md,,487,54c48aadb96c2bf01ab095ae3c79bcc4f27c8ccc8037cff78d4485b9e656dfca,private dataset metadata,documentation_only,public,no,
data/private_dataset_metadata/dataset_46k_METADATA_ONLY.md,,524,f6e5032188424aaaa44ef51e067ea9b6db5ae3d780b4c3f0433b5130cf87ba97,private dataset metadata,documentation_only,public,no,
data/private_dataset_metadata/dataset_statistics.csv,,203,32ef2a34a0a8889a61befb1a8bf7616a394d44edde9547a3313473b8c6d73724,dataset statistics,reconstructed_for_reproducibility,public,no,
docs/DATA_AND_CODE_AVAILABILITY_DRAFT.md,,896,9af815d773654eb95530c93dfb167512ff7a89599755f37c72c1634b4ace0d37,availability draft,reconstructed_for_reproducibility,public,no,
docs/dataset_lineage.md,,693,a21abd3638fcd7e40ff24cf58a3500b4e6749c20c4e03697619b9326c11c0c2a,repository documentation,documentation_only,public,no,
docs/environment_uncertainty.md,,459,246b060f3bed6efe1cb530b3ba2f88e3aaa853e09a6ab61a28fe00e286b1d15b,repository documentation,documentation_only,public,no,
docs/experiment_mapping.md,,117,20acfc49debff0b83a6a83e7e9465c406b71e26fa3620168ce9ea4008a89874c,experiment mapping,documentation_only,public,no,
docs/file_provenance.md,,90,57782bdecd60c077d7e25f4fb10eab2293af2431614873e3c756062538880d97,file provenance documentation,documentation_only,public,no,
docs/historical_split_note.md,,615,b2cd15f258e006dab18f534c3bad5b3e9240664e32dd4ec34089cd63cac3a37a,repository documentation,documentation_only,public,no,
docs/known_limitations.md,,476,dd770372e1b4fc34d134c07d1562b90c651f3b1b504058888f525eb304347201,repository documentation,documentation_only,public,no,
docs/private_dataset_policy.md,,478,8ea1fa787ea8e7aa845d05ac6e7af8facd4e764c3cfff1f77b722505a95350f6,repository documentation,documentation_only,public,no,
docs/reproducibility_matrix.csv,,882,1111bb9edd059db87d71f7a7300f444153c2f433f032218762ab0ddaafb0c02a,reproducibility matrix,reconstructed_for_reproducibility,public,no,
docs/reproducibility_notes.md,,751,fe0f2db2d3a0179b53ac242ad98ff79a0394eea72dd11da4d23f9f97cbd9a224,repository documentation,documentation_only,public,no,
docs/reproducibility_scope.md,,310,bd666adacaa3d5d508126ebd36c17a3bb3b74d35e852de8e2bffb6878371f31f,repository documentation,documentation_only,public,no,
docs/workflow.md,,620,b3965a9067bd4b94796236481097c488c6e3d1f2cece19430d1e201180127bee,repository documentation,documentation_only,public,no,
environment.yml,,325,56e3a0f51e69a27af925b40dc1bec5a30c1137823f6f7dea50ce3795bbc448d1,repository documentation,documentation_only,public,no,
evaluation/README.md,,151,07a43ba930812a7b88e35914dfdc4a49aa4ba69a43e1c01811601f9047b0b273,evaluation documentation,documentation_only,public,no,
evaluation/engineering_benchmark/ENGINEERING_BENCHMARK_CONFIG.json,06_engineering_benchmark/ENGINEERING_BENCHMARK_CONFIG.json,2335,4cee5fdc5c18b71994c5478153c1109660d6c4dbc4f5e0cb82ea15de5418454a,engineering benchmark config,historical_original,public,yes,
evaluation/engineering_benchmark/ENGINEERING_BENCHMARK_RAW.csv,06_engineering_benchmark/ENGINEERING_BENCHMARK_RAW.csv,35408,a1c8cdc4faa5ab2cf1478ed196fa5f09a0e82e549d1d9287f2e6b1709ec10776,engineering benchmark raw,historical_original,public,no,
evaluation/engineering_benchmark/ENGINEERING_BENCHMARK_REPORT.md,06_engineering_benchmark/ENGINEERING_BENCHMARK_REPORT.md,1055,3870e8928f9380597869618961db2e44079dd59d3438e750afecc3ca34cf3963,engineering benchmark report,historical_original,public,yes,
evaluation/engineering_benchmark/ENGINEERING_BENCHMARK_SUMMARY.csv,06_engineering_benchmark/ENGINEERING_BENCHMARK_SUMMARY.csv,2465,0ce0f14ce7a7a894fddd1e022da78e6f65953208f0c592a828234a2fb1022c59,engineering benchmark summary,historical_original,public,no,
evaluation/expert_scoring/HISTORICAL_EXPERT_ICC.csv,03_statistics/results/HISTORICAL_EXPERT_ICC.csv,750,08f49800738f3b300a0d17d531029732f06872af92545070633dd3f1787d6e6f,configuration-level ICC,historical_original,public,no,
evaluation/expert_scoring/HISTORICAL_EXPERT_RATING_MATRIX.csv,03_statistics/results/HISTORICAL_EXPERT_RATING_MATRIX.csv,1280,b214bf45621ece26c945eeabc906eeeeae8faaae90662e0ba25aa85e4467c303,anonymized expert rating matrix,historical_original,public,no,
evaluation/expert_scoring/ICC_LEVEL_NOTE.md,,177,7a1c93cbed3eb0b4bbc8c6311323dc7c016996c6c7926ab3879eecd12993c939,expert scoring note,documentation_only,public,no,
evaluation/objective_questions/FROZEN_HISTORICAL_OBJECTIVE_RESULTS.csv,03_statistics/results/FROZEN_HISTORICAL_OBJECTIVE_RESULTS.csv,599,4fd9df2ade9e864b42810d6c8e53f65e31a77f13d4341a222ac67428e4ef9b7c,objective result summary,historical_original,public,no,
evaluation/paired_statistics/FINAL_HISTORICAL_MCNEMAR.csv,03_statistics/results/FINAL_HISTORICAL_MCNEMAR.csv,320,f57dfcaeae35517397f9f882245f22e60b3bbf8bbce676e57bac112cc0c7fb04,McNemar result,historical_original,public,no,
evaluation/paired_statistics/FINAL_HISTORICAL_PAIRED_CORRECTNESS.csv,03_statistics/results/FINAL_HISTORICAL_PAIRED_CORRECTNESS.csv,21799,7760355a8162b24ca64401a267c1f6c1ba371ed6e16d74528873de29a5d712ce,paired objective correctness matrix,historical_original,public,no,
evaluation/short_answer/SUBJECTIVE_SCORING_FINAL_EVIDENCE.md,03_statistics/reports/SUBJECTIVE_SCORING_FINAL_EVIDENCE.md,3810,1c66eaad2844a16ef582dc2cefd56a1318e714f4668908f75b77b41021eb6f62,subjective scoring report,historical_original,public,no,
evaluation/statistics/final_historical_mcnemar_from_confirmed_word_traces.py,03_statistics/scripts/final_historical_mcnemar_from_confirmed_word_traces.py,16089,46b1179f06d21c7fe393542e39bd9465f05808782622e3d162192a372e89ab0a,historical McNemar script,historical_original,public,no,
evaluation/statistics/mcnemar_test.py,,1575,3e32be4a24f53a370febef34116a0269de757fe4455f8f713339f7313e9349e2,McNemar calculation script,reconstructed_for_reproducibility,public,no,
examples/README.md,,94,f3b98082ab85354c904484ecbd694c4fef52dbc0b84d6d307ecd565d21f6d577,example documentation,documentation_only,public,no,
examples/example_input.json,,135,5bf3164ed1fa52970055bf0a57be3d02d058caf8f61318852e6b3a9e575e79ec,example input,documentation_only,public,no,
examples/example_output.json,,2370,e8d931f7621c73cf503907faa9e3963831570922a4c7911ed1946b0d67307302,example output,documentation_only,public,no,
examples/minimal_reproduction/README.md,,137,36b3ff4aa45769594f929ea73b9ac398fce96cadec93be21e6c449291501f9cc,example documentation,documentation_only,public,no,
logs/README.md,,156,52821277af2292200aefa7da471574e546dface37fe8bde5cd6c767e85a8a356,logs documentation,documentation_only,public,no,
logs/final_mer_llm/running_log.txt,FINAL_MER_TRAINING_ARGS_AND_LOGS_COPY/running_log.txt,101622,40e35029e220b10008190a0d7d3ac8ddc9825c755d7dbb6c23885033d1b7a945,final MER sanitized training log,historical_original,public,yes,
logs/final_mer_llm/trainer_log.jsonl,FINAL_MER_TRAINING_ARGS_AND_LOGS_COPY/trainer_log.jsonl,154060,d0b908422637c1391ed77b113aeffc0a2461cb25d46799481d904754957de11e,final MER sanitized trainer log,historical_original,public,no,
preprocessing/README.md,,168,0ee8de408cacd9e73fe9b6d93640efc9b382324358cfc0511ab6f67d8f90cadf,preprocessing documentation,documentation_only,public,no,
preprocessing/original_scripts/clean_filtered_data_16k.py,00_original_evidence/04_data_processing_scripts/6、处理完的数据/6、total/1万6条数据/clean_filtered_data.py,7787,ad3e2a9641727fce676d2c7ad6e0b3b8c30c541a5be353abcbcea80619372d86,preprocessing script,historical_original,public,yes,Sanitized copy; original remains unchanged.
preprocessing/original_scripts/clean_ocean_restoration.py,00_original_evidence/04_data_processing_scripts/6、处理完的数据/data processing/clean_ocean_restoration.py,1118,af2e7154aabc8e3e9d444b8bb569a63a6f594ca87dabfd32b655c74955a1bf39,preprocessing script,historical_original,public,no,Sanitized copy; original remains unchanged.
preprocessing/original_scripts/filter_restoration_data.py,00_original_evidence/04_data_processing_scripts/6、处理完的数据/data processing/filter_restoration_data.py,4896,2306780687807abe7c4fd745256ee35a119e5388188d6c901ef28a2ee7d095fd,preprocessing script,historical_original,public,yes,Sanitized copy; original remains unchanged.
preprocessing/original_scripts/merge_and_clean.py,00_original_evidence/04_data_processing_scripts/6、处理完的数据/data processing/merge_and_clean.py,4174,c731f60b427e89fba122381a0adc83b5556ab36029598ee420acf4ed21bde3cd,preprocessing script,historical_original,public,no,Sanitized copy; original remains unchanged.
preprocessing/original_scripts/merge_train_val.py,00_original_evidence/04_data_processing_scripts/6、处理完的数据/data processing/merge_train_val.py,4626,eb73b512578ebbf935c2a8615deffb9131a92c9852c9df9561a6d20238967dc6,preprocessing script,historical_original,public,yes,Sanitized copy; original remains unchanged.
preprocessing/original_scripts/split_final_data.py,00_original_evidence/04_data_processing_scripts/6、处理完的数据/data processing/split_final_data.py,2045,fbaae8756e4df5e6423389e2950e99b9d445986c7b2afeada42f1506984d2144,preprocessing script,historical_original,public,yes,Sanitized copy; original remains unchanged.
preprocessing/original_scripts/split_train_val.py,00_original_evidence/04_data_processing_scripts/6、处理完的数据/data processing/split_train_val.py,753,d81951e5c599cc4942f308bc8a9e5313192ba5f58a38156a682569b1880a0fce,preprocessing script,historical_original,public,no,Sanitized copy; original remains unchanged.
preprocessing/reproducible_examples/README.md,,138,c8ac578343df7266c3cf94ca29d67fb0eacc619e392122426723ab58591719fd,preprocessing documentation,documentation_only,public,no,
rag/README.md,,171,0d31be9c547540235a38538395cd7f1564f3071e2d8de18719b983f17d0cb04b,RAG documentation,documentation_only,public,no,
rag/build_index/README.md,,129,68a79352dd0159514acebaf1bedb1ec876c0fe2b1538d522a598bba81d0cbf35,RAG documentation,documentation_only,public,no,
rag/configs/RAG_CONFIGS.json,04_rag_experiment/RAG_CONFIGS.json,2676,4001ea0ab658974f0870b51be0b9df22dc3a9a3a6f5228fad69d5bb4eed07a69,RAG config,historical_original,public,yes,
rag/evaluation/RAG_SENSITIVITY_REPORT.md,04_rag_experiment/RAG_SENSITIVITY_REPORT.md,2084,e0943d1a92c0fb1fa4f5cd0e2c86abd28c0caf1480df54daeca85701d6b57d9f,RAG report,historical_original,public,yes,
rag/generation/rag_sensitivity_runner.py,04_rag_experiment/scripts/rag_sensitivity_runner.py,20959,4526c733cb5e2a2daaf7acb3a861dcbe5c2de9cd4fd9611accf9c39ea71dfac1,RAG runner,historical_original,public,yes,
rag/retrieval/README.md,,94,50c09d7f50b82dbee2794fe74feea3784ff74564e227ba817e25c6f7e94aa7ca,RAG documentation,documentation_only,public,no,
rag/sensitivity_topk/RAG_SENSITIVITY_RAW.csv,04_rag_experiment/RAG_SENSITIVITY_RAW.csv,9698353,f736e2e4a24d905c3c2d3321958e1e1480fe10f10629bcd5ef0fa004ae3ce9a2,RAG raw sensitivity result,historical_original,public,no,
rag/sensitivity_topk/RAG_SENSITIVITY_SECTION_SUMMARY.csv,04_rag_experiment/RAG_SENSITIVITY_SECTION_SUMMARY.csv,716,aa6635229dfac7c678779b224fdc5bd595e2a2f93c1238c0868a3e4a01f4396e,RAG section summary,historical_original,public,no,
rag/sensitivity_topk/RAG_SENSITIVITY_SUMMARY.csv,04_rag_experiment/RAG_SENSITIVITY_SUMMARY.csv,541,73db8013c96e697c9168d113d61c56a6ee3f12075bde854c5e1d10c31008416b,RAG summary,historical_original,public,no,
requirements.txt,,243,b371082b91ac79727e81828fb7b7e133f154337b9af40144ad6af17b9cccef46,repository documentation,documentation_only,public,no,
results/README.md,,88,005396cfcb6b73fdd5d5c06cc45e142f2d365b6eff619cf41d1f7a32aa29cf21,results documentation,documentation_only,public,no,
results/engineering/ENGINEERING_BENCHMARK_SUMMARY.csv,06_engineering_benchmark/ENGINEERING_BENCHMARK_SUMMARY.csv,2465,0ce0f14ce7a7a894fddd1e022da78e6f65953208f0c592a828234a2fb1022c59,engineering benchmark summary,historical_original,public,no,
results/paired_statistics/FINAL_HISTORICAL_MCNEMAR.csv,03_statistics/results/FINAL_HISTORICAL_MCNEMAR.csv,320,f57dfcaeae35517397f9f882245f22e60b3bbf8bbce676e57bac112cc0c7fb04,paired statistics result,historical_original,public,no,
results/rag_sensitivity/RAG_SENSITIVITY_SUMMARY.csv,04_rag_experiment/RAG_SENSITIVITY_SUMMARY.csv,541,73db8013c96e697c9168d113d61c56a6ee3f12075bde854c5e1d10c31008416b,RAG sensitivity summary,historical_original,public,no,
scripts/generate_checksums.py,,829,78a16fa2a3be87aa9c49680c0894fd28b26bca0cb995d6c0af56cce1b3559d2c,verification script,reconstructed_for_reproducibility,public,no,
scripts/run_smoke_test.py,,500,9a70d9615120787d627995447571d2033e370b2558797bd72ad179a7825a2fa0,verification script,reconstructed_for_reproducibility,public,no,
scripts/validate_dataset_schema.py,,738,6b08eedf309d7f8a73256faab0369ec3bc62a777a01f3beb88cef8ae6bec4241,verification script,reconstructed_for_reproducibility,public,no,
scripts/verify_environment.py,,297,473b425354fc131b99da493ea2c9ad28c3d2e50547e8223b5f8a4a78fd920720,verification script,reconstructed_for_reproducibility,public,no,
scripts/verify_results.py,,554,09ea3def0fbe291a164632d13706027cb0e30eeb410ce1a45d7527c506d7ee30,verification script,reconstructed_for_reproducibility,public,no,
training/README.md,,192,11cf0abeb3f7737cab8631e8217620e8bb3dc91e087340fb78e7e929641d7a19,training documentation,documentation_only,public,no,
training/adapter_metadata/final_mer_adapter_config.json,FINAL_MER_TRAINING_ARGS_AND_LOGS_COPY/adapter_config.json,865,14dffeebcb3c15ca158f95c721d85c75d3e85fbd90ba5eadf25e9ddb31cdefba,LoRA adapter metadata,historical_original,public,yes,
training/configs/dataset_16k/README.md,,143,790298c6c7cebd37f0c887d88b0ce0bfab04804aec8a38e513de913e7781f581,training documentation,documentation_only,public,no,
training/configs/dataset_30k_CONFIG_ONLY/README.md,,122,9451edf2c388a3e2764c680fe2bb66e9beec6d9ab4495f6f3814d32b8eeba178,training documentation,documentation_only,public,no,
training/configs/dataset_46k_CONFIG_ONLY/README.md,,122,bdfc3be5ffa69016df7b65e64686c9a568c595d566ecafdb342e6166267208a8,training documentation,documentation_only,public,no,
training/configs/final_mer_llm/README.md,FINAL_MER_TRAINING_ARGS_AND_LOGS_COPY/README.md,1441,0ee2ed5c9d91415222c456dd31dd9bdbcc2a3c934949f8705e855388d3869d81,final MER training config/log,historical_export,public,yes,Copied as sanitized public evidence directory file.
training/configs/final_mer_llm/adapter_config.json,FINAL_MER_TRAINING_ARGS_AND_LOGS_COPY/adapter_config.json,865,14dffeebcb3c15ca158f95c721d85c75d3e85fbd90ba5eadf25e9ddb31cdefba,final MER training config/log,historical_export,public,yes,Copied as sanitized public evidence directory file.
training/configs/final_mer_llm/all_results.json,FINAL_MER_TRAINING_ARGS_AND_LOGS_COPY/all_results.json,388,47c3ba93d43159f6b968d2dce4a60e9218c9ac6db61b8c93bd15b4458a9d3d2d,final MER training config/log,historical_export,public,no,Copied as sanitized public evidence directory file.
training/configs/final_mer_llm/llamaboard_config.yaml,FINAL_MER_TRAINING_ARGS_AND_LOGS_COPY/llamaboard_config.yaml,2264,78eb97427b9c1f96fed96663c52144d8af4bd67d476f128d554490aa50e2f22b,final MER training config/log,historical_export,public,no,Copied as sanitized public evidence directory file.
training/configs/final_mer_llm/running_log.txt,FINAL_MER_TRAINING_ARGS_AND_LOGS_COPY/running_log.txt,101622,40e35029e220b10008190a0d7d3ac8ddc9825c755d7dbb6c23885033d1b7a945,final MER training config/log,historical_export,public,yes,Copied as sanitized public evidence directory file.
training/configs/final_mer_llm/trainer_log.jsonl,FINAL_MER_TRAINING_ARGS_AND_LOGS_COPY/trainer_log.jsonl,154060,d0b908422637c1391ed77b113aeffc0a2461cb25d46799481d904754957de11e,final MER training config/log,historical_export,public,no,Copied as sanitized public evidence directory file.
training/configs/final_mer_llm/trainer_state.json,FINAL_MER_TRAINING_ARGS_AND_LOGS_COPY/trainer_state.json,184372,6a088d2c61a402ba80c03056ba9c0410050bf5874cf0908de713deb40f593b5e,final MER training config/log,historical_export,public,no,Copied as sanitized public evidence directory file.
training/configs/final_mer_llm/training_args.bin,FINAL_MER_TRAINING_ARGS_AND_LOGS_COPY/training_args.bin,6161,a10f3166b35103339dfd918a2ea56874c52ba14dbb7a49b887c8d1576648847e,final MER training config/log,historical_export,public,no,Copied as sanitized public evidence directory file.
training/configs/final_mer_llm/training_args.yaml,FINAL_MER_TRAINING_ARGS_AND_LOGS_COPY/training_args.yaml,859,b3316352e667fc2ae8aa157b9c4e378454164650d1363226813095a737f95236,final MER training config/log,historical_export,public,yes,Copied as sanitized public evidence directory file.
