relative_path,sha256,size
.gitattributes,9b4994239a5899723586aadf9753604ffa9bab02fbca9eb275ef20a2109b89a2,128
.gitignore,646d4d4a6b5c6b1f26e88c1c9641bd6b0cfab8b4e557f9b1e2c368c47666de99,109
CITATION.cff,ec87739ad525e6008216d7d7f3061689674c7e1afc82544bd7ab3b538ffd34fe,448
DATA_LICENSE_NOTE.md,6bf2f6eb9c7f45366a37c9518af8187a1d7c40510304529fcc1a56693319c20b,336
LICENSE_RECOMMENDATION.md,f0d95417b8168ce9d6db7612455bcefe73570ece534b6dd4bcf272e5efed27e8,326
README.md,5c6c5478a1922f064f350213572af1e5a8776d4388fc14aba7fba9932d9611ea,4540
REPRODUCIBILITY_AUDIT.md,92050cc49cc766454b2ad85d4caa165037b1fcea2935948f46d50da89a4adcd7,4414
REVIEWER_3_COMMENT_6_READINESS.md,e9bdbe538133134b61af24e220fe89b3d32bd6aeb13b3decd7daa69f3c60fefc,1125
SECURITY_REDACTION_REPORT.md,9cd0025da317e49dd89f9789b07139fac0c406e19443cdc3490d384ecdebedbd,561
checksums/build_summary.json,f725b45f719528ca0ddd87a319c35ee8becce1fc66b29cb06978633cec207b49,212
checksums/file_manifest.csv,0be52afb68baf892974289d68247fa6fe0507aa15b6edb62aa2ff4acc7bd97ad,19558
checksums/large_files_report.csv,b0abc5d8cd6f7c5210174256e29a3dd1746a38dc12e145d9b49b56d4cc177245,62
data/QUESTION_BANK_RELEASE_AUDIT.md,8cb5faef6badaaaf08dfc6903fed1da71819784609555ad0571cab95c9c1a24f,588
data/README.md,0b9270de93346967e956a7a551112f4a69f82abc84096bcdc82aa6b33b91340d,78
data/dataset_16k/README.md,7992bb2f43cf47026ebec18f3f1866ee4041b023659910a53970c9e86da0f247,221
data/dataset_16k/full/restoration_final_cleaned.json,5cfecaf7d50c5189f8117baa5984ac02408a1d8ffd4dda9d7bda924bc7a96394,47164965
data/dataset_16k/metadata/schema.json,1acf1d7f65b28d23c0acdb7916ecd8077ea50172a394fb8e2e71a44aabc22628,119
data/dataset_16k/train/train.json,d4a8f65f34d9ecdfe5b9b759599d1211971f08412de2cb2834c8c9abcc4b3185,42561851
data/dataset_16k/validation/val.json,026ba82a27bad144596d50200cc0859e761b192adcb1ef4c3fa74fc4bf1d9f6b,4603116
data/private_dataset_metadata/dataset_30k_METADATA_ONLY.md,54c48aadb96c2bf01ab095ae3c79bcc4f27c8ccc8037cff78d4485b9e656dfca,487
data/private_dataset_metadata/dataset_46k_METADATA_ONLY.md,f6e5032188424aaaa44ef51e067ea9b6db5ae3d780b4c3f0433b5130cf87ba97,524
data/private_dataset_metadata/dataset_statistics.csv,32ef2a34a0a8889a61befb1a8bf7616a394d44edde9547a3313473b8c6d73724,203
docs/DATA_AND_CODE_AVAILABILITY_DRAFT.md,9af815d773654eb95530c93dfb167512ff7a89599755f37c72c1634b4ace0d37,896
docs/dataset_lineage.md,a21abd3638fcd7e40ff24cf58a3500b4e6749c20c4e03697619b9326c11c0c2a,693
docs/environment_uncertainty.md,246b060f3bed6efe1cb530b3ba2f88e3aaa853e09a6ab61a28fe00e286b1d15b,459
docs/experiment_mapping.md,20acfc49debff0b83a6a83e7e9465c406b71e26fa3620168ce9ea4008a89874c,117
docs/file_provenance.md,57782bdecd60c077d7e25f4fb10eab2293af2431614873e3c756062538880d97,90
docs/historical_split_note.md,ae4a02eadd7c0b4229de011b408e6039ec4f971c0e92835b695f646174e79f3d,609
docs/known_limitations.md,dd770372e1b4fc34d134c07d1562b90c651f3b1b504058888f525eb304347201,476
docs/private_dataset_policy.md,8ea1fa787ea8e7aa845d05ac6e7af8facd4e764c3cfff1f77b722505a95350f6,478
docs/reproducibility_matrix.csv,1111bb9edd059db87d71f7a7300f444153c2f433f032218762ab0ddaafb0c02a,882
docs/reproducibility_notes.md,19854b9031acb319d5ff396d9d52190f9040db42bf8b88ba168e1410fa40ee78,709
docs/reproducibility_scope.md,bd666adacaa3d5d508126ebd36c17a3bb3b74d35e852de8e2bffb6878371f31f,310
docs/workflow.md,b3965a9067bd4b94796236481097c488c6e3d1f2cece19430d1e201180127bee,620
environment.yml,56e3a0f51e69a27af925b40dc1bec5a30c1137823f6f7dea50ce3795bbc448d1,325
evaluation/README.md,401b080fbfb8834c798c585c36b343a9b6e30be3d31a0e8b7f7bdb0bd9406bf5,505
evaluation/base_evaluation_corrections/qwen15_4b_chat_16k_2epochs_base_eval_20260928/README.md,2e6b00d7eb7097ca3ac09e3f076c25c4027d7dc1fb1d3aac4cb9393266f79c4a,1530
evaluation/base_evaluation_corrections/qwen15_4b_chat_16k_2epochs_base_eval_20260928/RUN_VERIFICATION.md,8f0739c57b8898aa760fc10d00a03664e4a89ee586028dee081a3924f6fa225a,1074
evaluation/base_evaluation_corrections/qwen15_4b_chat_16k_2epochs_base_eval_20260928/all_results.json,1f9fbb3315dfe837c02927271a198a91a45e2763c85ab2976c1eb5f77327984b,301
evaluation/base_evaluation_corrections/qwen15_4b_chat_16k_2epochs_base_eval_20260928/eval_results.json,1f9fbb3315dfe837c02927271a198a91a45e2763c85ab2976c1eb5f77327984b,301
evaluation/base_evaluation_corrections/qwen15_4b_chat_16k_2epochs_base_eval_20260928/training_args.yaml,0422aceb9d3a8e1b7f55dd608ed6015611fe480180a1038419916bee6691868f,477
evaluation/engineering_benchmark/ENGINEERING_BENCHMARK_CONFIG.json,4cee5fdc5c18b71994c5478153c1109660d6c4dbc4f5e0cb82ea15de5418454a,2335
evaluation/engineering_benchmark/ENGINEERING_BENCHMARK_RAW.csv,a1c8cdc4faa5ab2cf1478ed196fa5f09a0e82e549d1d9287f2e6b1709ec10776,35408
evaluation/engineering_benchmark/ENGINEERING_BENCHMARK_REPORT.md,3870e8928f9380597869618961db2e44079dd59d3438e750afecc3ca34cf3963,1055
evaluation/engineering_benchmark/ENGINEERING_BENCHMARK_SUMMARY.csv,0ce0f14ce7a7a894fddd1e022da78e6f65953208f0c592a828234a2fb1022c59,2465
evaluation/expert_scoring/HISTORICAL_EXPERT_ICC.csv,08f49800738f3b300a0d17d531029732f06872af92545070633dd3f1787d6e6f,750
evaluation/expert_scoring/HISTORICAL_EXPERT_RATING_MATRIX.csv,b214bf45621ece26c945eeabc906eeeeae8faaae90662e0ba25aa85e4467c303,1280
evaluation/expert_scoring/ICC_LEVEL_NOTE.md,7a1c93cbed3eb0b4bbc8c6311323dc7c016996c6c7926ab3879eecd12993c939,177
evaluation/objective_questions/FROZEN_HISTORICAL_OBJECTIVE_RESULTS.csv,4fd9df2ade9e864b42810d6c8e53f65e31a77f13d4341a222ac67428e4ef9b7c,599
evaluation/paired_statistics/FINAL_HISTORICAL_MCNEMAR.csv,f57dfcaeae35517397f9f882245f22e60b3bbf8bbce676e57bac112cc0c7fb04,320
evaluation/paired_statistics/FINAL_HISTORICAL_PAIRED_CORRECTNESS.csv,7760355a8162b24ca64401a267c1f6c1ba371ed6e16d74528873de29a5d712ce,21799
evaluation/short_answer/SUBJECTIVE_SCORING_FINAL_EVIDENCE.md,1c66eaad2844a16ef582dc2cefd56a1318e714f4668908f75b77b41021eb6f62,3810
evaluation/statistics/final_historical_mcnemar_from_confirmed_word_traces.py,46b1179f06d21c7fe393542e39bd9465f05808782622e3d162192a372e89ab0a,16089
evaluation/statistics/mcnemar_test.py,3e32be4a24f53a370febef34116a0269de757fe4455f8f713339f7313e9349e2,1575
examples/README.md,f3b98082ab85354c904484ecbd694c4fef52dbc0b84d6d307ecd565d21f6d577,94
examples/example_input.json,5bf3164ed1fa52970055bf0a57be3d02d058caf8f61318852e6b3a9e575e79ec,135
examples/example_output.json,e8d931f7621c73cf503907faa9e3963831570922a4c7911ed1946b0d67307302,2370
examples/minimal_reproduction/README.md,36b3ff4aa45769594f929ea73b9ac398fce96cadec93be21e6c449291501f9cc,137
logs/README.md,52821277af2292200aefa7da471574e546dface37fe8bde5cd6c767e85a8a356,156
logs/final_mer_llm/running_log.txt,40e35029e220b10008190a0d7d3ac8ddc9825c755d7dbb6c23885033d1b7a945,101622
logs/final_mer_llm/trainer_log.jsonl,d0b908422637c1391ed77b113aeffc0a2461cb25d46799481d904754957de11e,154060
preprocessing/README.md,0ee8de408cacd9e73fe9b6d93640efc9b382324358cfc0511ab6f67d8f90cadf,168
preprocessing/original_scripts/clean_filtered_data_16k.py,ad3e2a9641727fce676d2c7ad6e0b3b8c30c541a5be353abcbcea80619372d86,7787
preprocessing/original_scripts/clean_ocean_restoration.py,af2e7154aabc8e3e9d444b8bb569a63a6f594ca87dabfd32b655c74955a1bf39,1118
preprocessing/original_scripts/filter_restoration_data.py,2306780687807abe7c4fd745256ee35a119e5388188d6c901ef28a2ee7d095fd,4896
preprocessing/original_scripts/merge_and_clean.py,c731f60b427e89fba122381a0adc83b5556ab36029598ee420acf4ed21bde3cd,4174
preprocessing/original_scripts/merge_train_val.py,eb73b512578ebbf935c2a8615deffb9131a92c9852c9df9561a6d20238967dc6,4626
preprocessing/original_scripts/split_final_data.py,fbaae8756e4df5e6423389e2950e99b9d445986c7b2afeada42f1506984d2144,2045
preprocessing/original_scripts/split_train_val.py,d81951e5c599cc4942f308bc8a9e5313192ba5f58a38156a682569b1880a0fce,753
preprocessing/reproducible_examples/README.md,c8ac578343df7266c3cf94ca29d67fb0eacc619e392122426723ab58591719fd,138
rag/README.md,0d31be9c547540235a38538395cd7f1564f3071e2d8de18719b983f17d0cb04b,171
rag/build_index/README.md,68a79352dd0159514acebaf1bedb1ec876c0fe2b1538d522a598bba81d0cbf35,129
rag/configs/RAG_CONFIGS.json,4001ea0ab658974f0870b51be0b9df22dc3a9a3a6f5228fad69d5bb4eed07a69,2676
rag/evaluation/RAG_SENSITIVITY_REPORT.md,e0943d1a92c0fb1fa4f5cd0e2c86abd28c0caf1480df54daeca85701d6b57d9f,2084
rag/generation/rag_sensitivity_runner.py,4526c733cb5e2a2daaf7acb3a861dcbe5c2de9cd4fd9611accf9c39ea71dfac1,20959
rag/retrieval/README.md,50c09d7f50b82dbee2794fe74feea3784ff74564e227ba817e25c6f7e94aa7ca,94
rag/sensitivity_topk/RAG_SENSITIVITY_RAW.csv,f736e2e4a24d905c3c2d3321958e1e1480fe10f10629bcd5ef0fa004ae3ce9a2,9698353
rag/sensitivity_topk/RAG_SENSITIVITY_SECTION_SUMMARY.csv,aa6635229dfac7c678779b224fdc5bd595e2a2f93c1238c0868a3e4a01f4396e,716
rag/sensitivity_topk/RAG_SENSITIVITY_SUMMARY.csv,73db8013c96e697c9168d113d61c56a6ee3f12075bde854c5e1d10c31008416b,541
requirements.txt,b371082b91ac79727e81828fb7b7e133f154337b9af40144ad6af17b9cccef46,243
results/README.md,005396cfcb6b73fdd5d5c06cc45e142f2d365b6eff619cf41d1f7a32aa29cf21,88
results/engineering/ENGINEERING_BENCHMARK_SUMMARY.csv,0ce0f14ce7a7a894fddd1e022da78e6f65953208f0c592a828234a2fb1022c59,2465
results/paired_statistics/FINAL_HISTORICAL_MCNEMAR.csv,f57dfcaeae35517397f9f882245f22e60b3bbf8bbce676e57bac112cc0c7fb04,320
results/rag_sensitivity/RAG_SENSITIVITY_SUMMARY.csv,73db8013c96e697c9168d113d61c56a6ee3f12075bde854c5e1d10c31008416b,541
scripts/generate_checksums.py,78a16fa2a3be87aa9c49680c0894fd28b26bca0cb995d6c0af56cce1b3559d2c,829
scripts/run_smoke_test.py,9a70d9615120787d627995447571d2033e370b2558797bd72ad179a7825a2fa0,500
scripts/validate_dataset_schema.py,6b08eedf309d7f8a73256faab0369ec3bc62a777a01f3beb88cef8ae6bec4241,738
scripts/verify_environment.py,473b425354fc131b99da493ea2c9ad28c3d2e50547e8223b5f8a4a78fd920720,297
scripts/verify_results.py,09ea3def0fbe291a164632d13706027cb0e30eeb410ce1a45d7527c506d7ee30,554
training/README.md,5b6171ea737699865dd823be34454263e8a5fb673b42c87827c7ca8d593b3b15,186
training/adapter_metadata/final_mer_adapter_config.json,14dffeebcb3c15ca158f95c721d85c75d3e85fbd90ba5eadf25e9ddb31cdefba,865
training/configs/dataset_16k/README.md,790298c6c7cebd37f0c887d88b0ce0bfab04804aec8a38e513de913e7781f581,143
training/configs/dataset_30k_CONFIG_ONLY/README.md,9451edf2c388a3e2764c680fe2bb66e9beec6d9ab4495f6f3814d32b8eeba178,122
training/configs/dataset_46k_CONFIG_ONLY/README.md,bdfc3be5ffa69016df7b65e64686c9a568c595d566ecafdb342e6166267208a8,122
training/configs/final_mer_llm/README.md,0ee2ed5c9d91415222c456dd31dd9bdbcc2a3c934949f8705e855388d3869d81,1441
training/configs/final_mer_llm/adapter_config.json,14dffeebcb3c15ca158f95c721d85c75d3e85fbd90ba5eadf25e9ddb31cdefba,865
training/configs/final_mer_llm/all_results.json,47c3ba93d43159f6b968d2dce4a60e9218c9ac6db61b8c93bd15b4458a9d3d2d,388
training/configs/final_mer_llm/llamaboard_config.yaml,78eb97427b9c1f96fed96663c52144d8af4bd67d476f128d554490aa50e2f22b,2264
training/configs/final_mer_llm/running_log.txt,40e35029e220b10008190a0d7d3ac8ddc9825c755d7dbb6c23885033d1b7a945,101622
training/configs/final_mer_llm/trainer_log.jsonl,d0b908422637c1391ed77b113aeffc0a2461cb25d46799481d904754957de11e,154060
training/configs/final_mer_llm/trainer_state.json,6a088d2c61a402ba80c03056ba9c0410050bf5874cf0908de713deb40f593b5e,184372
training/configs/final_mer_llm/training_args.bin,a10f3166b35103339dfd918a2ea56874c52ba14dbb7a49b887c8d1576648847e,6161
training/configs/final_mer_llm/training_args.yaml,b3316352e667fc2ae8aa157b9c4e378454164650d1363226813095a737f95236,859
